DNA_viral_contig,A_dry_1,A_dry_2,A_dry_3,C_dry_1,C_dry_2,C_dry_3,C_wet_1,C_wet_2,C_wet_3,A_wet_1,A_wet_2,A_wet_3
VC_1,1875.67515,1403.571577,1263.64463,1213.540663,1547.495292,1743.005463,2669.981615,2452.735991,2610.236112,2876.987553,3388.046442,5583.211302
VC_2,34.13918099,13.98970588,8.154003521,27.28545141,24.81898289,26.96212663,3.794496209,6.589793679,6.032880247,16.31677109,38.33283503,10.91859559
VC_3,16.07473243,24.08436066,2.159653493,0.903346441,8.764676631,11.90189392,2.010005752,6.981439682,3.195713827,8.643256429,5.076380017,1.927918643
VC_4,9.644327687,6.362244,0,13.00749851,26.29263469,22.85042378,0,16.75456616,0,0,0,0
VC_5,8.451769785,3.2666217,0.908401765,3.419721512,0.921658005,2.503110216,0,3.670700039,2.688386901,0,0,0.40546428
VC_6,4.938512107,0,0,0,0,0,0,0,0,0,0,0
VC_7,3.79514323,4.373973909,0,3.412390613,2.06928503,1.123984921,0,1.648274002,1.508975872,0,0,0.910338933
VC_8,3.327420174,0,0,0,0,0,0,0,0,0,0,0
VC_9,2.638748542,0,5.672288512,2.372622115,0,0,0,4.584154384,0,0,0,0
VC_10,2.129698627,13.74529911,0,0,4.644834958,0,0,0,0,0,0,0
VC_11,2.052638113,3.785126412,0,0,2.238383671,0,0,0,0,4.414749082,0,1.969460731
VC_12,1.995575314,1.839950448,4.289714896,0,0,2.364070523,0,0,0,0,0,0
VC_13,1.945339922,0,0,0,0,0,0,0,0,0,0,0
VC_14,1.885759043,1.738698194,0,0,0,0,0,0,0,4.055830862,0,0
VC_15,1.759778858,0,0,0,0,0,0,0,0,0,0,0
VC_16,1.684807189,0,0,0,0,0,0,0,0,0,0,0
VC_17,1.564066154,2.884185026,0,0,0,1.852880553,0,0,4.975070389,0,2.634293857,0
VC_18,1.497273293,0,0,0,0,0,0,0,0,0,0,1.436600507
VC_19,1.361353284,1.255188199,2.48468025,1.224056349,0,3.225471018,1.361803286,18.92004038,10.82567447,5.855911105,9.171490819,5.224753095
VC_20,1.277208587,0,0,0,0,0,0,0,0,0,0,0
VC_21,1.275272934,0,0,0,0,0,0,0,0,0,2.147891026,0
VC_22,1.170420882,0,0,1.052380105,0,0,0,0,0,0,0,0
VC_23,1.074213946,0,0,0,0,0,0,0,0,2.310385353,0,0
VC_24,1.0345913,0,0,0,0,0,0,0,0,0,0,0
VC_25,1.019686053,0,0,0,0,0,0,0,0,0,0,0
VC_26,0.980477514,0,0,0.881593147,0,0,0.980801616,0,0,0,0,0
VC_27,0.976306345,0,0,0,0,0,0,0,0,0,0,0
VC_28,0.968069579,1.785149418,0,1.740873186,0,1.146829559,0.48419479,0,0,1.041046705,0,0.464420642
VC_29,0.949083065,17.50137715,0,0.853364931,1.034966671,0,0,0,0,0,0,0
VC_30,0.917075359,0,1.971357233,0,0,0,0.917378503,0,0,0,0,0
VC_31,0.81357988,0,0,0,0,0,0.813848813,1.413388095,0,0,0,0
VC_32,0.800550562,1.476239313,3.441747998,1.439624835,2.61897988,0,4.804891129,0,15.27861997,0,1.348335186,1.536221008
VC_33,0.772342901,0.712111769,0,0,0,0.91496075,0,0,0,0,0,0
VC_34,0.77033957,0.710264668,0,0,0,0,0,0,0,0,0,0
VC_35,0.760095179,0.700819185,0,0,0,0,0,0,0,0,0,0
VC_36,0.757851328,0,0,0,0,0,0,0,0,0,0,0.727141536
VC_37,0.755356904,0,0,0,0,0,0,0,0,0,0,0
VC_38,0.703666278,0,0,0.632699231,0,0,0,0,0,1.513423158,0,0.675152183
VC_39,0.700347558,0,0,0,0.763722805,0.829671026,0.700579061,0,0,0,1.179567287,0
VC_40,0.668317631,0.616198906,0.718312177,0.300457805,3.64397227,0,0.334269274,0.580515943,0,0.718698204,0.562810283,0.96185391
VC_41,0.650954815,0.600190128,0,0.585303891,0,0.77115761,1.302339983,0,0,0,0,0.624576703
VC_42,0.645077369,0.594771035,0,0.580019205,0,0,0,0,1.025949354,0,0,0
VC_43,0.638254462,0.588480211,0,0,0,0,1.27693088,0,1.015098008,0,0,0
VC_44,0.621595462,0,0,0,0,0,0.621800934,0,0,1.336907846,0,1.192814112
VC_45,0.618069723,5.698695788,0,0,0.673999556,0,0,0,0,0,0,0
VC_46,0.577138265,0,0,0,0,0,0,0,0,0,0,0
VC_47,0.51116792,0,0,0,0,0,0,0,0,0,0,0
VC_48,0.501603412,0,0,0.451015066,0,0,0,0,0,0,0,0
VC_49,0.49409286,0,0,0,0,0,0,0,0,0,0,0
VC_50,0.488389277,0,0,0,0,0,0.488550716,0,0,0,0,0
VC_51,0.484700843,0,0,0,0,0,0,0,0,0,0,0
VC_52,0.4713224,0,0,0,0,0,0,0,0,0,0,0
VC_53,0.469539855,0,0,0,0.51202905,0,0,0,0,0,0,0
VC_54,0.465013405,0,0,0,0,0,0.465167118,0,0,0,0,0
VC_55,0.416053197,0,0,0,0,0,0,0,0,0,0,0
VC_56,0.403753709,0,0,0,0,0,0,0,0,0,0,0
VC_57,0.369291383,0.631253623,0.471723368,0.615596932,0.746600059,0.811069714,2.739488019,1.189397738,1.088879936,1.472514283,1.153121264,0.656902352
VC_58,0.352578427,0,0,0,0,0,0,1.225030665,0,0,0,0
VC_59,0.321648261,0,0,0,0,0,0,0,0,0,0,0
VC_60,0.315405786,0,0,0,0,0,0,0.547937324,0,0,0,0
VC_61,0.304640412,0.280883041,0,0,0,0,0,0,0.484508756,0,0,0
VC_62,0,0,0,0,0.921658005,0,0,0,0,0,0,0
VC_63,0,0,0,2.060652283,0,0,0,0,0,0,0,0
VC_64,0,0,0,0,0,0,0,0.844070256,0,0,0,0
VC_65,0,0,0,0,1.063145798,1.15494949,0,0,0,0,0,0.935417787
VC_66,0,0,0,0,0,0,0,3.345162238,0,0,0,1.847527426
VC_67,0,1.778556278,0,0,0,0,0,0,0,0,0,0
VC_68,0,0,0,0,2.489379519,0,0,0,0,0,3.844838239,0
VC_69,0,0.383523025,0,0,0,0,0,0,0,0,0,0
VC_70,0,0,0,0,0,0,0,0,0,0,0,0.321981849
VC_71,0,0.773739481,0,0,0,0,0,0,0,0,0,0
VC_72,0,0,0,0,0,3.190486357,0,0,0,0,0,2.584041738
VC_73,0,0,0,0,0.636592658,0,0,1.014146541,0,0,0,0.560111413
VC_74,0,0,1.846163306,0,0,0,0,0,0,0,0,0
VC_75,0,0,0,0,0.45009219,0,0,0,0,0,0,0
VC_76,0,0.953583059,0,0,0,0,0,0,0,0,0,0
VC_77,0,0,0,1.729377897,0,0,0,0,0,0,0,0
VC_78,0,0,0,0.338314518,0,0,0,0,0,0,0,0
VC_79,0,0,0,0,0,0,0,0,0.506226428,0,0,0
VC_80,0,0.704495984,0,0,0,0,0,0,0,0,0,0
VC_81,0,0,0,0,0,0.417684194,0,0,0,0,0,0
VC_82,0,0,0,1.384733191,1.679413636,0,0,0,2.449343246,0,0,0
VC_83,0,0,0,0,0,0,0,0,0,0,0,0.467949856
VC_84,0,0.294581473,0,0,0,0,0,0,0,0,0,0
VC_85,0,0,0,0,0,0,0,0,0,0,0,0.422841826
VC_86,0,0,0,1.245550662,0,1.641054991,1.385716422,0,0,0,0,0
VC_87,0,0,0,0,0,0,0,0,0,0,1.19280412,0
VC_88,0,0,0,0,0,0,0,0,0,0,1.194339835,0
VC_89,0,0,0,0,0,0,0,0,0,0,0.871468647,0
VC_90,0,0,0,0.296210082,0,0,0,0,0,0,0,0
VC_91,0,0.350260187,0,0,0,0,0,0,0,0,0,0
VC_92,0,0,0,0,0,0,0,0,0,2.662996279,0,0
VC_93,0,0,0,0,0,0,0,0,0,0,0,1.723103004
VC_94,0,0,0,0,0,0,0.665367822,0,0,0,0,0
VC_95,0,0.672569057,0,0.655887639,0,0,0,0,0,0,0,0.699896491
VC_96,0,0,0,0,0,0,0,0,0,2.926114567,2.291431035,0
VC_97,0,0,0,0,0,0,0,0,0,0,1.146487875,0.653123488
VC_98,0,0,0,0.470475384,0,0,0,0,0,0,0,0
VC_99,0,2.717762751,0,0,0,0,0,0,0,0,0,0
VC_100,0,0,0,0,0,0,0.518263156,0,0,0,0,0
VC_101,0,0,0,0,0,0,0.877427806,0,0,0,0,0
VC_102,0,0,0,0,0,0,0,0,0,0,0,0.935417787
VC_103,0,2.24017066,0,0,0,0,0,0,0,0,0,0
VC_104,0,1.256091374,0,0,0,0,0,0,0,0,0,0
VC_105,0,0,0,0.994439645,0,0,0,0,0,0,0,0
VC_106,0,0,0,0,0,0,0,0,0,0,0,0.849465205
VC_107,0,0,0,0,0,0,0,0,0,0,0,0.919671607
VC_108,0,0,0,0,0,0,0,0,0,1.523152939,0,0
VC_109,0,0.996164056,0,0,0,0,0,0,0,0,0,0
VC_110,0,0,0,0,0.334488317,0,0.306833199,0,0,0,0,0
VC_111,0,0,0,0.993279187,0,0,0,0,0,0,0,0
VC_112,0,0,0,0,0,0,0,0,0,0,0,0.421517265
VC_113,0,0,0,0.653809455,0,0,0,0,0,0,0,0
VC_114,0,0,0,0.292815544,0.355128641,0,0,0,0,0,0,0
VC_115,0,0,0,0,0,0,0,1.382132901,0,0,0,0
VC_116,0,0,0,0,0,0,0,0,0,0,2.326539144,0
VC_117,0,0,0,0,0,0,0,0,0,0.963286814,0.754346848,0.85946246
VC_118,0,0,0,0,0,0,0,0,0,0,0,0.859056023
VC_119,0,0.596817193,0.695718628,0.582014613,0,0.766823875,0,0,0,0,0,0
VC_120,0,0,0,0,0,0,0,0,0,0,0,0.844676009
VC_121,0,0.982152324,0,0,0,0,0,0,0,0,0,0
VC_122,0,0,0,0,0,0.597214021,0,0,0,0,0,0
VC_123,0,0,0,0,0,0,1.263355571,0,0,0,0,0
VC_124,0,0,0,0.50498168,0,0,0,0,0,0,0,0
VC_125,0,0,0,0,0.770815434,0.837376109,0,0,0,0,1.190521827,0
VC_126,0,0,0,0,0,0,0.778353198,0,0,0,0,0
VC_127,0,0.358321545,0,0,0,0,0,0,0,0,0,0
VC_128,0,0,1.40789311,0,0,0,0,0,0,0,0,0
VC_129,0,0,0,0,0,0,0,0,0,1.593758977,0,0
VC_130,0,0,0,0,1.512687344,0,0,0,0,0,0,0
VC_131,0,0,0,0,0,0,0,7.383009585,0,0,0,0
VC_132,0,11.78784123,0,0,0,0,0,0,0,0,0,0
VC_133,0,0.397552491,0,0,0,0,0,0,0,0,0,0
VC_134,0,0,0,0,0,1.271356876,0,0,0,0,0,0
VC_135,0,0,0,0,0,0,0.72245963,0,0,0,0,0
VC_136,0,0.420563269,0,0,0,0,0,0,0,0,0.768249766,0
VC_137,0,0,0,0,0,0,0.968142068,0,0,0,0,0
VC_138,0,1.856583874,0,0,0,0,0,0,0,0,0,0
VC_139,0,1.105893562,0,0,2.615938092,0,0,2.083706538,0,0,0,0
VC_140,0,0,0,0,0,0,0,0.907972607,0,0,0.880279562,0
VC_141,0,0,0,0,0,0,0,0,0,0,0,0.581794737
VC_142,0,3.355814946,0,0,3.969009518,0,0,3.161485782,2.894303836,0,0,0
VC_143,0,0.77632019,0,0,0,0,0,0,0,0,0,0
VC_144,0,0,0,1.470400663,0,0,0,0,0,0,0,0
VC_145,0,2.334150743,0,0,0,0,0,0,0,0,0,0
VC_146,0,0,1.811043278,0.757528698,0,0,0,0,0,0,1.41898441,0.808357478
VC_147,0,0,0,0,0,0,0,0,0.574841093,0,0,0
VC_148,0,0,0,0,0,0,1.704705599,2.960513745,0,0,0,0
VC_149,0,0,0,0,0.636936338,0,0.584275157,0,0,0,0,0
VC_150,0,0,0,0,0,0,0.467362453,0,0,0,0,0
VC_151,0,0,0,0,0,2.735675449,0,0,0,0,0,0
VC_152,0,0,0,0,0,0,0,0,0,0,1.669863305,0
VC_153,0,0.309512941,0.721607625,0,0,0,0,0,0,0,0,0
VC_154,0,0,0,0,0,0.425832292,0.359575275,0,0,0,0,0
VC_155,0,0,0,0,0,0,0,0.568328607,0,0,0,0
VC_156,0,0,0,0.563624175,0,0,0,0,0,0,0,0
VC_157,0,0.303413733,0,0,0.358855305,0.389842816,0,0.571687187,0,0,0.554250803,0.315741863
VC_158,0,20.51697928,0,0,0,0,0,0,3.932303432,0,0,0
VC_159,0,0,0,0,2.644417725,2.872765814,0,0,0,0,0,0
VC_160,0,0,0,0,0,0,0,0,0,0,1.026207881,0
VC_161,0,0,0,0,0,0,0,0,0,0,0,1.389620456
VC_162,0,0,0,0.747877591,0,0,0,0,0,0,0,0
VC_163,0,0,0,0,0,0,0,0,0,0,0,0.844087282
VC_164,0,0.526413506,0,0,0,0,0,0,0,0,0,0
VC_165,0,0,0,0.323734215,0,0,0,0,0,0,0,0
VC_166,0,1.66490509,0,0,0,0,0,0,0,0,0,0
VC_167,0,1.1913687,0,0,0,0,0,0,0,0,0,0
VC_168,0,0,0,0,0,0.869935774,0,0,0,0,0,0
VC_169,0,0.713184582,0,0,0,0,0,0,0,0,0,0
VC_170,0,1.046789888,0,0,0,0,0,0,0,0,0,0
VC_171,0,22.95072825,0,0,0.696010834,0.756112059,0,0,0,1.372737494,0,0
VC_172,0,0,0,0,1.453196649,0,1.333047982,0,2.119416754,0,0,0
VC_173,0,0,0,0,0.768627349,0,0,0,0,0,0,0
VC_174,0,0,0,0,0,0.627300212,0,0,0,0,0,0
VC_175,0,0,0,0,0.859188156,0,0,0,0,0,0,0
VC_176,0,0.294911177,0,0,0.348799111,0,0,0,0,0.687934145,0,0
VC_177,0,0,0,0.328426241,0,0,0,0,0,0,0,0
VC_178,0,0,0,0,0,0,0,0,0,2.282861491,0,0
VC_179,0,0,0,0.287281166,0,0,0,0,0,0,0,0
VC_180,0,1.436455863,0,0,0,0,0,0,0,0,0,0
VC_181,0,0,0,0,0,0,0.888333921,0,0,0,0,0
VC_182,0,0,0,0,1.257674036,1.366275434,1.153690959,0,0,0,0,0
VC_183,0,0,0,0,0,0,2.748806851,0,0,0,0,0
VC_184,0,1.01461958,0,0,0,0.434546529,0,0,0,0,0,0
VC_185,0,0,0,0,0,0.739411352,0,0,0,0,0,0
VC_186,0,0.642285972,0,0,0,0,0,1.210184711,0,0,0,0.668382962
VC_187,0,0,0,0,0,0,0,0,1.19567632,0,0,0
VC_188,0,0,0,0,0,0.668229379,0,0,0,0,0,0
VC_189,0,0.484180699,0,0,0,0,0,0,0,0,0,0.503853647
VC_190,0,0.521362798,0,0,0,0,0,0,0,0,0,0
VC_191,0,1.589847894,0,0,0,0,0,0,0,0,0,0
VC_192,0,1.216376962,0,0,0,0,0,0,0,0,0,0
VC_193,0,0,1.136001398,0,0,0,0,0,0.840490242,0,0,0
VC_194,0,23.87995292,0,0,1.344925748,1.461061418,0,0,0,0,0,0
VC_195,0,0,0,0,0,0,0,0,0,0,0,1.316124863
VC_196,0,0,0,0,0,0,0.778473173,0,0,0,1.31071786,0
VC_197,0,0,0,0,0.357712849,0,0,0.569867158,0,0,0,0
VC_198,0,0,0,0,1.143680454,0,0,0,0,0,0,0
VC_199,0,0,0,0,0,0,0.37036895,0,0,0,0,0
VC_200,0,0,0,0.445949472,0,0,0,0,0,0,0,0
VC_201,0,0,0,0,0,0,0.890526823,0,0,0,0,0
VC_202,0,0,0,0.611341336,0.741438843,0,0,0,0,0,0,0.652361213
VC_203,0,0,0,0.621950538,0,0,0,0,0,0,1.165022684,0
VC_204,0,0,0,0,0,0,0,0,0,0,0,0.347879132
VC_205,0,0,0,0,0,0.937721206,0,0,0,0,0,0
VC_206,0,0,0,0,0,0,0,0,0,0,0,0.796571516
VC_207,0,0,1.422843861,0,0,0,0,0,0,0,0,0
VC_208,0,0,0.953130447,0,0,0,0,0,0,0,0,0
VC_209,0,0,0,0,0,0,0,0,0,0,0,0.391156858
VC_210,0,0,0,0,0,0,0,0,0,2.394621691,0,0
VC_211,0,0.586355288,0,0,0,0,0,0,0,0,0,0
VC_212,0,0,0,0,0,0,0,0,0.570958044,0,0,0
VC_213,0,0,0,0,0,0,1.715320204,0,0,0,0,0
VC_214,0,0,0,0.417909996,0,0,0,0,0,0,0,0
VC_215,0,0,3.16659561,0,1.606402753,0,0,0,0,0,0,1.413406996
VC_216,0,0,0,0,1.543071105,0,0,0,0,0,0,0
VC_217,0,0,0,0,0,0,0,0,0,0,0,1.066694857
VC_218,0,0,0,0,0,0.516234975,0.435911829,0,0,0,0,0
VC_219,0,0,0,0,0,0,0,0,0,0,1.197226474,0.682027911
VC_220,0,0,0,0,0,0,0,0,0.765760405,0,0,0
VC_221,0,1.569302607,0,0,0,0,0,0,0,0,0,0
VC_222,0,0,0,0,0,0.388643793,0,0,0,0,0,0
VC_223,0,0,0.818742577,0,0,0,0.381004938,0,0,0,0,0
VC_224,0,0,0,0,0,0,0.709834779,0,0,0,0,0
VC_225,0,0,0,0.386218902,0,0,0,0,0,0,0,0
VC_226,0,0,0,0,0,0,0,0,0,1.027096935,0,0
VC_227,0,0,0,0,0,0,0,0,0,0,1.302220608,0
VC_228,0,0.675758439,0,0,0,0,0,0,1.165648448,0,0,0
VC_229,0,0,0,0,0,0,1.205555646,0,0,0,0,0
VC_230,0,0,0,0,0,0,0,0,0,0,0,1.34387375
VC_231,0,0,4.10372272,0,0,0,5.72904841,0,0,0,0,0
VC_232,0,0,0,0,0,0,0.330737669,0,0,0,0,0.317230594
VC_233,0,0.90718617,0,0,0,0,0,0,0,0,0,0.944046429
VC_234,0,0,0,0,1.282776725,0,0,0,0,0,0,0
VC_235,0,0.447402572,0,0,0,0,0,0,0,0,0,0
VC_236,0,1.004042267,0,0,0,0,0,0,0,0,0,0
VC_237,0,0.333864637,0,0,0,0,0,0,0,0,0,0
VC_238,0,1.399601513,0,0,0,0,0,0,0,0,0,0
VC_239,0,6.462389587,0,0,0,0,0,0,0,0,0,0
VC_240,0,0,3.507372192,0,0,0,0,0,0,0,0,0
VC_241,0,0.462164474,0,0,0,0,0,0,0,0,0,0
VC_242,0,0,0,0.454310002,0,0,0,0,0,0,0,0.484793366
VC_243,0,0,0,0.641641976,0.778187661,0,0,0,0,0,0,0
VC_244,0,0,0,0,0,0,0.49905874,0,0,0,0,0
VC_245,0,0,0,0.825535003,0,0,0,0,0,0,0,0
VC_246,0,0,0,0,0,0.476442348,0,0,0,0,0,0
VC_247,0,0,0,0,0.367846268,0,0,0,0,0,0,0
VC_248,0,0,0,0,0,0,0.415414782,0,0,0,0,0
VC_249,0,0,0,0,0,0,0,0,0,0,1.869449048,0
VC_250,0,0,0,0,0,0,0,0,0,0,0,0.353214338
VC_251,0,0,0,0,0,1.222045581,0,0,0,0,0,0
VC_252,0,0,0,0,0,0.519598508,0,0,0,0.943342121,0,0
VC_253,0,4.035414341,0,1.311775278,1.590929793,3.456616311,0,2.534487205,0,3.137780146,0,0
VC_254,0,0.32945396,0,0,0,0,0,0,0,0,0,0
VC_255,0,0,0,0,1.040443031,0,0,0,0,0,0,0
VC_256,0,0,4.076491306,0,0,0,0,0,0,0,0,0
VC_257,0,0,0,0,0,0,0,0,0,0,0,0.462985464
VC_258,0,0,0,0,0,0,0,0,0,0,0,1.613304922
VC_259,0,0,0,0,1.098353046,0,0,0,0,0,0,0
VC_260,0,0,0,0.584801225,0.709250821,0,0,0,0,0,0,0
VC_261,0,0,0,0.584399714,0,0,0,0,0,0,0,0.623611858
VC_262,0,0,0,0,0,0,0,0,0,0,0,0.668044991
VC_263,0,0,0,0,0,0,0.911254187,0,0,0,0,0
VC_264,0,0,0,0,0,0,2.679296792,0,0,0,0,0
VC_265,0,0,0,0.726145078,0.880673586,0.956720622,1.615720966,2.805976663,1.284419665,8.684732999,0,0.774868074
VC_266,0,0,0,0,0.934115661,0,0,0,0,0,0,0
VC_267,0,0.698540611,0,0,0,0,0,0,0,0,0,0
VC_268,0,0,3.035798234,0,0,0,0,0,0,0,0,0
VC_269,0,0,0,0.411271696,0,0.541864325,0,0,0,0,0,0
VC_270,0,0,0,0,0,0,0,0,0,0,1.472977754,0
VC_271,0,0,0,0,0,1.373701981,1.159961978,0,0,4.987970216,0,0
VC_272,0,0,0,0,0.48309544,0,0,0,0,0,0,0
VC_273,0,0.360895801,0.841403144,0.35194467,0.853681678,0.927397936,0.783100236,0.679993957,0.622526639,0,1.977762692,0
VC_274,0,0,0,0.437132112,0,0,0,0,0,0,0,0
VC_275,0,0,0,0,0,0.643497894,0.543373381,1.887322204,0,0,0.914879562,0
VC_276,0,0,0,0,0,0.856972742,0,0,0,0,0,0
VC_277,0,0,0,0,0,0,0,0,0,0,0,1.103969214
VC_278,0,0,0,0,0,0,0,0,0.913026487,0,0,0
VC_279,0,0.502346183,0,0,0,0,0,0,0,0,0,0
VC_280,0,0,0.751938477,0.314523116,0.38145573,0.82878962,0,0.607691597,0,0,0,0
VC_281,0,0,0,0,0,0,0,3.432882735,0,0,0,0
VC_282,0,0,0,13.31699896,59.22013175,40.93972194,4.938534342,0,0,0,0,0
VC_283,0,0,0,0,4.728609536,0,0,0,0,0,0,0
VC_284,0,0,0,0,0,3.707292412,0,0,0,0,0,0
VC_285,0,0,9.451069974,0,0,0,0,0,0,0,0,0
VC_286,0,0,1.333890617,0,0.676677992,0,0.620731016,0,0,0,0,0
VC_287,0,0,0.813993751,0,0,0,0,0,0,0,0,0.363325351
VC_288,0,0,0,0,0,0,0,0,0,9.291623925,0,0
VC_289,0,0,0,0,0,2.626360549,0,0,0,0,0,0
VC_290,0,0,1.791709006,0.7494415,1.817855284,0,0,0,0,0,0,0
VC_291,0,0,0,0,0,0,0,0,1.612402331,0,0,0
VC_292,0,0,2.713470794,0,0,0,0,0,0,0,0,0
VC_293,0,0,0,0,0,5.074461333,0,0,0,0,0,0
VC_294,0,0,0,0.750329244,0.910004303,0,0.417383085,2.174572009,0,0,0,0
VC_295,0,0,0,2.733336867,3.315009154,0,0,7.921639587,2.417389947,0,0,0
VC_296,0,0,0,8.238869291,0,0,4.583007671,0,0,9.853730635,0,0
VC_297,0,0,0,1.159742054,0,0,0,0,0,0,0,0
VC_298,0,0,3.077986014,0,0,0,0,4.975051269,0,0,0,0
VC_299,0,0,0,0,0,0,2.930076071,0,0,0,0,0
VC_300,0,0,0,2.318496925,0,0,0,0,0,0,0,0
VC_301,0,0,2.758998056,0,1.399629956,1.520489388,1.283910123,0,6.123877,0,0,0
VC_302,0,0,0.955984969,0.399872304,0.484967793,0,0.889742402,0,0,0,0,0
VC_303,0,0,0,0,1.530488613,0,0,0,0,0,0,0
VC_304,0,0,0,0,0,1.249185135,0,0,0,0,0,0
VC_305,0,0,0,0,0,0,4.194746224,0,0,0,0,0
VC_306,0,3.944978502,0,0,0,0,0,0,0,0,0,0
VC_307,0,0,0,0,3.90473596,0,0,0,0,0,0,0
VC_308,0,0,5.065173625,2.11867625,0,0,2.357097598,0,3.747556133,0,0,0
VC_309,0,0,0,2.907525819,0,0,0,0,0,0,0,0
VC_310,0,0,0,0,0,0,0,0,0,5.704155749,0,0
VC_311,0,0,0,0,0,0,0,0,6.482586336,0,0,0
VC_312,0,0,0,0,0,0,0,0,0,4.361552213,3.415517702,0
VC_313,0,0,0,0,0,0,0,0,0,0,0,2.83508598
VC_314,0,0,0,0,4.122044699,0,0,0,0,0,0,0
VC_315,0,0,0,1.951124776,0,0,0,0,0,0,0,0
VC_316,0,0,0,0,3.411905208,0,0,0,0,0,0,0
VC_317,0,0,0,0,0,6.872192751,0,0,0,0,0,0
VC_318,0,0,0,0,0,0,0,0,0,0,0,4.058266052
VC_319,0,0,0.887285354,2.226818521,2.25058361,0.977969493,0.412901577,0,0,0,0,0
VC_320,0,0.998157665,0,0.973400825,1.180547002,0,0,0,0,0,0,0
VC_321,0,0,0,5.094968551,6.179211788,6.712792844,0,0,0,0,0,0
VC_322,0,0,0,2.194465185,0,0,0,0,0,0,0,0
VC_323,0,0,0,0,0,0,2.296366075,0,0,0,0,0
VC_324,0,0,0,0,0,2.320353714,0,0,0,0,0,0
VC_325,0,0,0,0,0,5.519315679,0,0,0,0,7.84697069,0
VC_326,0,0,0,0,0,0.787850506,0,0,0,0,0,0
VC_327,0,0,0,0,0,0,0,0,0,0,0,2.396545306
VC_328,0,0,0,0,0,0,0,0,0,0,3.248917692,0
VC_329,0,0,0,2.314163286,0,0,0,0,0,0,0,0
VC_330,0,0,0,0,0,4.52770509,0,0,0,0,0,0
VC_331,0,3.179333841,0,0,0,0,0,0,0,0,0,0
VC_332,0,5.50646521,0,4.31385839,0,5.683653872,0,0,0,0,0,0
VC_333,0,4.0618031,0,3.564211185,0,0,0,0,0,0,0,0
VC_334,0,0.36107309,0,0,0,0,0,0,0,0,0,0
VC_335,0,0,0,0,0,0,0,0.539201766,0,0,0,0
VC_336,0,0,0,1.119971294,0,0,0,0,0,0,0,0
VC_337,0,0.648730613,0,0,0,0,0,0,0,0,0,0
VC_338,0,0,0,0,0,0.89577631,0,0,0,0,0,0.725507999
VC_339,0,1.360735058,0,0,0,0,0,0,0,0,0,0
VC_340,0,0,2.4247048,0,0,0,0,0,0,0,1.899799055,0
VC_341,0,0.586306054,0,0.571764177,0.346719701,0.753318581,0.636106611,1.657062397,0,0,0.535507404,0.30506425
VC_342,0,0,2.112981768,0,0,1.16446851,0,0,0,0,0,0
VC_343,0,0,0,0.344371278,0,0.45372077,0,0,0,0,0,0
VC_344,0,0,0,0,0,0,0,0.62413829,0,0,0,0.344710518
VC_345,0,0,2.222452973,0,0,0,0,0,0,0,0,0
VC_346,0,0.64459838,0,0.628610706,0,0,0,1.214541711,0,0,0,0
VC_347,0,0,0,0,0,0,0,0,0.485279831,0,0,0
VC_348,0,0,0,0,2.673957117,0,0,0,0,0,0,0
VC_349,0,0,0,0,0,0,3.964611433,0,0,0,0,0
VC_350,0,0.283926806,0,0,0,0,0,0,0,0,0,0
VC_351,0,0,0,0,0,0.691909739,0.584252626,0,0.928904902,0,0,0
VC_352,0,0,0,0,0,0,0,0,0,0,1.653626869,0
VC_353,0,0,0,0.290982436,0,0,0,0,0,0,0,0
VC_354,0,0,0,0,2.222122038,0,0,0,0,0,0,0
VC_355,0,0,0,1.940836673,0,0,0,0,0,0,0,0
VC_356,0,0,0,2.051031768,0,0,0,0,0,0,0,0
VC_357,0,0,4.063264203,0,0,0,0,0,0,0,0,0
VC_358,0,0,0,0,0,0,0,0,0,0,0,2.625591822
VC_359,0,0,0,0,0,1.96919395,0,2.887735531,0,0,0,0
VC_360,0,0,0,0,2.23474944,0,0,3.560146957,0,0,0,0
VC_361,0,0,0,0,0,0,1.910164317,0,0,0,0,0
VC_362,0,0,0,0,0,2.353219052,0,0,0,0,0,0
VC_363,0,0,0,0,0,0,0,0,2.569250301,0,2.720829961,0
VC_364,0,1.822660389,0,0,0,0,0,0,0,0,0,0
VC_365,0,0,0,1.465811101,0,0,0,0,0,0,0,0
VC_366,0,0,0,3.038904594,0,0,0,0,0,0,0,0
VC_367,0,0,0,1.407342248,0,0,0,0,0,0,0,0
VC_368,0,0,5.965360216,0,0,0,0,0,0,0,0,0
VC_369,0,0,0,0,0,0,0,3.295722215,0,0,0,0
VC_370,0,0,4.3516354,0,0,2.398195038,0,0,0,0,0,0
VC_371,0,1.567717097,0,0,0,0,1.70087824,0,2.704231121,0,2.863774328,0
VC_372,0,0,0,0,0,0,0,0,0,0,2.856399251,1.62721428
VC_373,0,0,0,0,0,0,0,0,2.518483097,0,0,0
VC_374,0,0,0,0,0,0,2.06704275,0,0,0,0,1.982626294
VC_375,0,0,0,1.616288979,1.960246037,8.518060894,3.596350192,3.122839563,0,0,0,0
VC_376,0,0,0,0,0,0,0,0,0,0,0,3.62953315
VC_377,0,0,0,0,0,2.234532413,0,0,0,0,0,0
VC_378,0,0,0,0,0,1.961873526,0,0,0,0,0,0
VC_379,0,0,0,1.361885094,0,1.794329527,0,0,0,0,0,0
VC_380,0,0,0,1.73488547,0,4.571540197,0,6.703960806,0,0,0,0
VC_381,0,0,0,1.793133764,2.17472457,4.72502838,1.994920785,10.39356662,3.171730194,0,0,0
VC_382,0,0,0,0,0,0,3.945683167,0,0,0,0,0
VC_383,0,0,0,0,0,2.213308903,1.868930968,0,0,0,0,0
VC_384,0,0,0,0,0,4.339370078,0,0,0,0,0,0
VC_385,0,0,6.108618398,7.665394524,3.098880509,3.366471909,0,4.936781644,0,0,0,0
VC_386,0,0,0,0,0,0,0,2.631304616,0,0,0,0
VC_387,0,0,0,0,1.988805913,0,0,0,0,0,0,0
VC_388,0,0,0,3.713388122,0,2.446257024,2.065633723,10.76198207,0,0,0,0
VC_389,0,0,0,2.974197628,1.803563345,1.959302825,3.308893505,5.746461271,0,0,0,0
VC_390,0,0,0,2.460497008,0,3.241787764,2.737384528,9.507875759,0,0,0,0
VC_391,0,0,0,0,0,0,0,5.187903423,0,0,0,0
VC_392,0,0,6.883495996,0,0,0,3.203260753,0,0,0,0,3.072442015
VC_393,0,0,4.64928403,0,2.358565345,0,0,0,0,0,0,0
VC_394,0,0,0,2.767496634,0,0,0,0,0,0,0,0
VC_395,0,0,0,0,0,0,0,0,0,0,5.704495017,3.249698286
VC_396,0,0,0,0,0,0,0,0,0,9.347613624,0,0
VC_397,0,0,9.331881932,3.903367996,0,0,8.685252715,0,6.904353919,0,0,4.165276794
VC_398,0,1.476863779,0,0,0,0,0,0,0,0,0,1.536870847
VC_399,0,0,0,1.361885094,0,0,1.515142336,2.631304616,0,0,0,0
VC_400,0,0,0,4.220282286,0,0,0,0,0,0,0,0
VC_401,0,0,0,7.029084355,6.393690236,0,0,0,3.10829559,0,0,0
VC_402,0,0,0,0,0,0,4.563681735,0,0,0,0,0
VC_403,0,0,0,0,5.533344426,0,0,0,0,0,0,0
VC_404,0,3.007154155,14.02193629,0,0,0,0,0,0,7.014735891,0,3.12933909
VC_405,0,0,0,0,0,0,0,0,0,12.18266024,0,0
VC_406,0,0,0,4.322072655,0,0,0,0,0,0,0,4.612075764
VC_407,0,0,0,0,0,0,5.438414702,0,0,0,0,0
VC_408,0,0,0,0,0,0,0,0,8.941830299,0,0,0
VC_409,0,0,0,0,6.045766146,0,0,0,0,0,0,0
VC_410,0,0,0,2.004540909,0,0,0,0,0,0,0,0
VC_411,0,0,0,0,0,0,5.185292047,0,0,0,0,0
VC_412,0,4.358684113,40.64786025,8.501155392,41.24103149,33.60167654,0,0,0,0,0,0
VC_413,0,0,0,1.361885094,3.303406622,1.794329527,0,10.52521846,2.408929082,0,0,0
VC_414,0,0,0,0,0,0,0,3.726532525,0,0,0,0
VC_415,0,0,0,0,0,2.662605026,6.744957721,3.9045921,0,0,0,0
VC_416,0,2.996507649,0,0,0,0,0,0,0,0,0,1.55913